{
  "na_mpnn": {
    "mean": 0.5635774382683423,
    "std": 1.185641276648899
  },
  "deeppbs": {
    "mean": 0.3102197609974634,
    "std": 0.33477305174263733
  }
}
